ID,中文名,类别,计量,克数,阶段,来源,用途,素材状态
wood,木料,原料,散装,步长100g,A,林地倒木; 普通采集点; 近营地可靠拾枝,木板; 木炭; 初级建筑,已注册:material.wood
stone,石料,原料,散装,步长100g,A,各生境可达露石; 高地更多,建筑; 炉窑; 水井,候选原图
clay,黏土,原料,散装,步长100g,A,可走河岸; 湿地土层(不要求下水),砖块; 炉窑,缺图
fiber,植物纤维,原料,散装,步长10g,A,草地; 林缘; 小园补产(阶段B),布料; 绳索; 背包,缺图
herb,药草,原料,散装,步长10g,B,林缘; 湿地; 小园,药剂; 状态恢复,缺图
wild_food,食材,原料,散装,g,A,草地野果; 可食植物; 小园,口粮,缺图
water,净水,原料,散装,步长100g,A,水井; 已发现的安全水点,随身补给; 园圃; 药剂,缺图
copper,铜矿,原料,散装,步长100g,A,低高地; 露矿,铜锭; 入门金属器具,已注册:material.copper
iron,铁矿,原料,散装,步长100g,A,高地; 部分林地矿点,铁锭; 工具; 二三级设施,已注册:material.iron
silver,银矿,原料,散装,步长100g,A,高地少见矿点; 旧屋遗留,银锭; 可选施法/外观强化,已注册:material.silver
crystal,晶石,原料,散装,步长100g,A,湿地/特殊地貌; 后续遗迹,施法用品; 可选高级加工,已注册:material.crystal
leather,皮料,原料,件数,张/件500g,A,旧屋; 后续普通遭遇; 已解锁交换,背包; 皮护具; 修理,已注册:material.leather
feather,羽毛,原料,件数,根/件50g,A,草地; 林缘,地图标记; 装饰; 后续箭矢,已注册:material.feather
resin,树脂,原料,散装,步长10g,B,林地采集; 切树互动(以后接入),修理包; 防水用品,缺图
hardwood,硬木,原料,散装,步长100g,B,深林老树倒木(较普通木少),强化弓身; 耐候前哨部件,缺图
coal,煤,原料,散装,步长100g,B,高地裸露煤层; 后续矿点,代替木炭的冶炼燃料,缺图
beast_bone,兽骨,原料,件数,根/件300g,C,后续普通野兽/骷髅遭遇,工具柄替代; 轻型骨质护甲,缺图
chitin,甲壳,原料,件数,片/件250g,C,后续草原/湿地虫类怪物,护甲; 强化容器的可选结构件,缺图
slime_gel,凝胶,原料,散装,g,C,后续普通史莱姆遭遇,冷敷用品; 普通治疗配方替代,缺图
mana_dust,魔力尘,原料,散装,g,C,后续施法怪物; 特殊遗迹,法器; 专注药剂替代/强化,缺图
plank,木板,加工物,件数,块/件2000g,A,手作或工坊(木料3kg/块),建筑; 工具; 货运设施,缺图
brick,砖块,加工物,件数,块/件2000g,A,炉窑(黏土2kg+木炭0.25kg),二三级建筑; 水井升级,缺图
charcoal,木炭,加工物,散装,g,A,炉窑(木料4kg→2kg),冶炼; 烘焙; 砖块,缺图
copper_ingot,铜锭,加工物,散装,g,A,炉窑一级(铜矿2kg+木炭0.5kg),工具替代配方; 修理; 建筑紧固替代(1:1替铁锭),已注册:material.copper-bar
iron_ingot,铁锭,加工物,散装,g,A,炉窑一级(铁矿2kg+木炭0.5kg),主要工具; 建筑; 五金,已注册:material.iron-bar
silver_ingot,银锭,加工物,散装,g,B,炉窑二级(银矿2kg+木炭0.5kg),可选施法器具; 外观强化,已注册:material.silver-bar
cloth,布料,加工物,件数,卷/件500g,A,工坊一级(纤维0.75kg),背包; 补给; 建筑,缺图
rope,绳索,加工物,件数,卷/件500g,A,手作或工坊(纤维0.6kg),工具; 建筑; 前哨,缺图
nails,五金钉料,加工物,散装,g,B,工坊二级(铜锭或铁锭0.6kg),修理; 精制工具; 强化背包,已注册:material.nails
treated_leather,强韧革,加工物,件数,张/件800g,B,工坊二级(皮料2张+树脂0.1kg),耐候背包; 护具升级,缺图
herb_extract,草药萃取液,加工物,散装,g,B,补给所二级(药草0.5kg+水0.2kg),环境用品; 药剂,缺图
steel_ingot,精钢,加工物,散装,g,C,炉窑三级(铁锭1kg+煤或木炭0.2kg),可选高阶工具/武器升级,缺图
ration,便携口粮,消耗品,件数,份/件400g,A,补给所一级(食材0.5kg+水0.2kg+木料0.1kg);初始篝火2分钟可用,远征补给预算(一人一趟15-30分钟采集),缺图
healing_potion,治疗药剂,消耗品,件数,瓶/件250g,B,补给所二级(药草0.2kg+水0.2kg;可改凝胶0.2kg),未来恢复25%最大生命,缺图
antitoxin,解毒剂,消耗品,件数,瓶/件250g,B,补给所二级(药草0.3kg+木炭0.05kg+水0.2kg),清除可解除中毒并短期缓解湿地环境状态,缺图
mana_potion,专注药剂,消耗品,件数,瓶/件250g,C,补给所三级(药草0.2kg+晶石0.05kg+水0.2kg;晶石可改魔力尘0.05kg),未来恢复20%施法资源,缺图
repair_kit,修理包,消耗品,件数,份/件500g,B,工坊二级(五金钉料0.1kg+树脂0.1kg+布料1卷),恢复优质工具25点状态,缺图
camp_kit,前哨建造包,消耗品,件数,个/件6000g,B,地图室二级+工坊二级(木板2+绳索2+布料2+铁锭0.5kg),在已抵达的合法地点建立补给前哨,缺图
bandage,绷带,消耗品,件数,份/件200g,B,补给所一级(布料1卷+水0.1kg),"未来战后恢复10%最大生命,仅安全停留使用",缺图
torch,火把,消耗品,件数,支/件500g,C,手作(木料0.5kg+纤维0.05kg+树脂0.05kg),"未来照亮地下/夜间范围,持续一段探索任务",缺图
warming_salve,保暖药膏,消耗品,件数,份/件250g,C,补给所三级(萃取液0.1kg+树脂0.1kg+水0.2kg),寒冷地貌一次短趟减轻环境效率惩罚,缺图
cooling_salve,清凉冷敷,消耗品,件数,份/件250g,C,补给所三级(萃取液0.1kg+凝胶0.1kg+水0.2kg),炎热地貌一次短趟减轻环境效率惩罚,缺图
axe,斧,工具携具,实例,实例把600g,A,初始营地提供(基础斧); 铜斧:工坊一级+炉窑一级; 铁斧:工坊二级,木料交互; 铜/铁材质木料操作效率+10%/+20%,缺图
pickaxe,镐,工具携具,实例,实例把1200g,A,初始营地提供(基础镐); 铜镐:工坊一级+炉窑一级; 铁镐:工坊二级,普通露矿与石料; 铜/铁材质矿物操作效率+10%/+20%,缺图
gathering_knife,采集刀,工具携具,实例,实例把150g,A,基础刀初始提供; 工坊一级(铁锭0.2kg+绳索1),"药草/纤维采集,改善操作效率和更完整采集",缺图
backpack,背包,工具携具,实例,实例个500g,A,基础包初始提供; 布背包:工坊一级(布料2+绳索1); 强化背包:工坊二级(布料3+皮料2张+绳索2+五金0.2kg),舒适负重24kg;布包28kg;强化包32kg,缺图
water_container,水袋,工具携具,实例,实例个200g,A,初始水袋提供; 加固水袋:工坊二级(皮料1张+布料1+树脂0.1kg),装净水1kg;加固袋装2kg,缺图
lantern,提灯,工具携具,实例,实例盏600g,C,工坊(铜锭0.3kg+木板1+树脂0.1kg),后续夜间/洞穴视觉与交互,缺图
short_sword,短剑,武器护具,实例,实例把1200g,B,工坊二级(木板1+铁锭1.4kg+绳索1),稳定近战;铜铁精钢三级材质,缺图
dagger,匕首,武器护具,实例,实例把350g,B,工坊二级(铁锭0.4kg+绳索1),轻便与快速攻击;负重敏感角色选择,缺图
bow,弓,武器护具,实例,实例把800g,B,工坊一级(木板1+绳索2+羽毛4根),远程;首版箭矢抽象在武器中,缺图
staff,法杖,武器护具,实例,实例根1000g,B,工坊一级(木板1+绳索1),持续施法;基础木杖不要求稀有晶石,缺图
focus,法器,武器护具,实例,实例件400g,B,工坊二级(布料1+铜锭0.2kg+魔力尘0.05kg),可选法术协作/专注,缺图
cloth_robe,布袍,武器护具,实例,实例件1000g,B,工坊一级(布料3+绳索1),轻防护/施法活动;初级最可靠制作路线,缺图
leather_coat,皮护衣,武器护具,实例,实例件2000g,B,工坊二级(皮料4张+布料1+绳索1),通用防护;强韧革作后续可选升级,缺图
carapace_armor,骨/甲壳护甲,武器护具,实例,实例件3000g,B,工坊二级(兽骨8根或甲壳8片+布料2+绳索2+铁锭0.3kg),更重防护分支,缺图
field_notes,实地记录,研究收藏,件数,条/件100g,B,新地貌/道路/地点的可重复发现记录,回顾与可选地图分支,缺图
blueprint,配方蓝图,研究收藏,件数,张/件50g,A,首次制作自动登记解锁,配方解锁登记; 重复可转装饰研究进度,缺图
keepsake,纪念物,研究收藏,实例,实例个100-2000g,B,旧屋/遗迹纪念物发现,命名、来源、发现时间和陈列位,缺图
trophy,特殊战利纪念,研究收藏,实例,实例个100-2000g,C,后续精英/首领首次稳定登记,陈列和回顾用途,缺图
